timestamp,volume,tvl,revenue,rr,apr
3/1/2021,49914.99507927605,183004.54671102314,151.7731759219758,0.0008293410117380097,0.30270946928437353
3/2/2021,129132.93042053632,231168.33971181544,374.3850919430933,0.0016195344587836644,0.5911300774560375
3/3/2021,39235.198174163605,242993.11718668148,118.07910895756011,0.00048593602289913774,0.17736664835818527
3/4/2021,8074.03890003455,234390.10464820892,24.964258749961942,0.00010650730664347056,0.038875166924866755
3/5/2021,9396.98812119532,248293.56756727002,27.72448830972835,0.00011166011500566551,0.04075594197706792
3/6/2021,19234.656206056217,253693.7259646476,57.0135868238281,0.00022473392515734891,0.08202788268243236
3/7/2021,17210.302623378033,265358.762772953,50.79542465073644,0.0001914216968753286,0.06986891935949494
3/8/2021,13623.148830942526,270017.57639928383,40.16607216655704,0.000148753546721574,0.05429504455337451
3/9/2021,19485.677874102195,264873.46072079346,59.51146878052129,0.00022467886597084597,0.08200778607935878
3/10/2021,4724.160469772677,262019.8952756117,14.37189525889365,0.000054850396927974645,0.020020394878710747
3/11/2021,19749.934137975906,264121.5930093291,58.684241792102945,0.00022218646012039668,0.08109805794394478
3/12/2021,36770.54802648921,253173.08455620354,114.7731392650417,0.00045333862983986545,0.16546859989155088
3/13/2021,16191.99888983566,260557.11353627002,49.62067970552686,0.0001904407023553382,0.06951085635969845
3/14/2021,6665.377449103476,248649.35538450966,20.40992061568499,0.00008208314308365379,0.029960347225533635
3/15/2021,14902.252402976796,237146.1868116883,46.109572164026346,0.0001944352248878485,0.07096885708406471
3/16/2021,2181.284285368234,243810.43980076862,6.453972252172941,0.000026471271113110858,0.009662013956285465
3/17/2021,14080.687501346865,252039.38573440412,41.28542653496989,0.00016380545609834152,0.05978899147589465
3/18/2021,2945.613982652882,251215.04783766536,8.989626833188138,0.00003578458739062963,0.013061374397579815
3/19/2021,2207.7409637152814,252893.36102659436,6.717263051120152,0.00002656164251940865,0.009694999519584158
3/20/2021,3146.560475901412,250874.47397078006,9.519359447923106,0.00003794471114279984,0.01384981956712194
3/21/2021,4426.131050748459,244242.5981561087,13.630412915409076,0.000055806861777228314,0.02036950454868833
3/22/2021,3462.630082535361,242876.9303701831,10.668996694882914,0.000043927583729840724,0.016033568061391865
3/23/2021,100.39108412152399,247452.20731167146,0.30101785199230663,0.0000012164686476737226,0.00044401105640090875
3/24/2021,13375.28842415674,239474.4602565354,42.42048237089698,0.0001771399017893362,0.06465606415310772
3/25/2021,2688.8249147726365,244904.46866583056,8.124818998566813,0.00003317546242756819,0.012109043786062389
3/26/2021,2288.021370922194,248567.98480349447,6.844755935913383,0.000027536755955617164,0.010050915923800266
3/27/2021,92.43824641111816,246812.2762402868,0.2771019607793846,0.000001122723573561669,0.00040979410435000916
3/28/2021,2361.8014021534996,249400.95572552516,7.021033109172771,0.0000281515886286325,0.010275329849450862
3/29/2021,6714.112130719739,265768.69771406637,19.952879789929753,0.0000750761092692584,0.027402779883279316
3/30/2021,1370.319555822739,262247.00331940147,4.22154850112687,0.00001609760434892471,0.005875625587357519
3/31/2021,16762.323946531567,264808.17617596866,49.52810595711522,0.00018703390005678344,0.06826737352072595
4/1/2021,12274.453529106933,276149.13157606026,36.55774329192386,0.00013238406032015603,0.04832018201685695
4/2/2021,6283.623202729884,278959.5289247334,18.77372734085673,0.00006729910755592832,0.024564174257913837
4/3/2021,9719.89324111268,264096.30144120794,30.018292193346106,0.00011366419003042593,0.041487429361105464
4/4/2021,20764.649429306613,278692.4478893889,60.696211122667066,0.0002177892209937349,0.07949306566271323
4/5/2021,92216.57253664506,306475.7996735525,269.30979771398114,0.000878731038472991,0.32073682904264167
4/6/2021,36066.83545324947,272260.09466908796,108.95342065687845,0.0004001813809302582,0.14606620403954426
4/7/2021,16004.460015396773,259467.83635351754,49.372255111039685,0.00019028275644836145,0.06945320610365192
4/8/2021,8063.9140857339635,275342.63943892234,24.05204074255368,0.00008735312769415434,0.031883891608366334
4/9/2021,27148.24589052245,293176.4878273424,79.95532055879029,0.0002727207804122328,0.09954308485046497
4/10/2021,14621.877929313025,277206.6307259703,45.93045183684449,0.00016569030732258548,0.0604769621727437
4/11/2021,899.198914141017,280315.93305290665,2.708177921269143,0.000009661163001954666,0.0035263244957134533
4/12/2021,6529.299347373529,276948.48592898756,20.090031223329074,0.00007254067902173101,0.026477347842931816
4/13/2021,21955.902939010837,287303.80780298315,65.95178861405788,0.0002295541751374347,0.08378727392516366
4/14/2021,7432.320048902802,281577.6815997098,22.3610432368214,0.0000794134077309785,0.028985893821807156
4/15/2021,9894.734480706344,297484.13660738576,29.49259394082831,0.00009914005592759424,0.036186120413571894
4/16/2021,53342.97166070463,302613.9928107076,157.1764127972603,0.0005193957203941258,0.18957943794385593
4/17/2021,27393.208081065786,267131.03679592226,92.17627625422051,0.0003450601523500229,0.12594695560775834
4/18/2021,23786.943899642825,288001.0512399603,70.85615233167115,0.0002460274086730133,0.08980000416564984
4/19/2021,68579.0089185677,184830.40967984233,219.5079307829591,0.0011876180503153358,0.43348058836509756
4/20/2021,9824.072022579137,190167.96415338403,30.48006331007946,0.00016027969508836468,0.058502088707253104
4/21/2021,8790.922392286666,166830.30521206738,27.857776237894782,0.000166982708582132,0.060948688632478175
4/22/2021,27768.33093148682,154771.92446502182,90.17374529671935,0.0005826234028452522,0.21265754203851706
4/23/2021,31767.790636720365,161072.82400421088,95.6203638010887,0.0005936467830140541,0.21668107580012974
4/24/2021,3455.3346635643393,78685.00917283952,11.282956838432915,0.0001433939826282382,0.052338803659306946
4/25/2021,23064.44721813743,80510.73386580707,65.79421755393294,0.0008172105059133707,0.29828183465838026
4/26/2021,11198.337752428657,180872.51492923556,33.04991080328453,0.00018272489226024726,0.06669458567499026
4/27/2021,7281.511694769898,182960.16690499947,21.72851407526871,0.00011876089994250529,0.04334772847901443
4/28/2021,2666.2535371338467,181700.34433741542,8.132262553116258,0.00004475645097300829,0.016336104605148026
4/29/2021,2017.4343213668537,180212.570605343,6.225065797936184,0.00003454290550889917,0.012608160510748197
4/30/2021,2444.4276821586523,188124.57182572834,7.313881982250003,0.00003887786646512776,0.014190421259771635
5/1/2021,3147.4253779487576,189297.4723412738,9.502216523103089,0.00005019727102310207,0.018322003923432254
5/2/2021,3832.528170013107,189211.94861424668,11.565472468746133,0.00006112442979129761,0.02231041687382363
5/3/2021,3473.686041104857,189234.0317806042,10.69874165725062,0.00005653709090579765,0.020636038180616142
5/4/2021,5819.988472979096,191783.630718592,17.60326306684579,0.0000917870988305327,0.03350229107314444
5/5/2021,31703.60668724359,201981.54528133807,93.36985760720145,0.00046226925077312147,0.1687282765321893
5/6/2021,51990.11649930791,228086.1120946162,154.7015450846631,0.0006782593804768297,0.24756467387404282
5/7/2021,6291.111113736083,221654.25384954308,19.52562638111317,0.00008809046540729596,0.03215301987366302
5/8/2021,4943.202067685235,217290.85313242968,15.536630661146688,0.00007150154015768793,0.02609806215755609
5/9/2021,7815.9258269096845,221201.2630411552,23.172118327285684,0.00010475581381727661,0.03823587204330597
5/10/2021,34124.30798473925,201728.09069514784,112.34297448877764,0.0005569029781705054,0.20326958703223447
5/11/2021,23152.470153473314,219783.66910468592,67.84388407551309,0.0003086848279122965,0.11266996218798822
5/12/2021,34373.74622138721,206465.38214383493,106.72207267680099,0.0005169005649695436,0.18866870621388343
5/13/2021,17232.38121076267,198116.34158879792,51.87997111305062,0.0002618661878015623,0.09558115854757024
5/14/2021,19913.293851925766,161371.09591843383,59.38614444150166,0.0003680097981829337,0.1343235763367708
5/15/2021,9315.05826988632,152612.89493260084,28.478394272241747,0.00018660542600164158,0.06811098049059917
5/16/2021,13766.080408939995,142960.38674087625,43.94055701440217,0.0003073617665433915,0.11218704478833791
5/17/2021,23707.23523616058,145377.43053821544,70.64586566269544,0.0004859479590549286,0.17737100505504894
5/18/2021,16173.641260544962,143754.3631315779,50.51909669110325,0.00035142652779772177,0.12827068264616842
5/19/2021,53500.395082216615,101827.33167988279,173.7742937588353,0.0017065584543169024,0.6228938358256694
5/20/2021,44542.611454242004,22659.79131630741,133.17416370396492,0.005877113422846239,2.145146399338877
5/21/2021,5397.984646598296,20869.767386554406,16.71247141236069,0.0008007981642923292,0.29229132996670015
5/22/2021,3477.4603747298206,19882.197579919364,10.284251629330463,0.0005172593013418878,0.18879964498978904
5/23/2021,12253.111235105442,18275.53652844134,36.112994664951565,0.0019760292459130076,0.7212506747582478
5/24/2021,2259.9781805178905,12575.717737944906,6.664431650153914,0.0005299444364948827,0.19342971932063222
5/25/2021,3630.5926609298726,12959.636044726665,10.482877206932189,0.0008088866979561296,0.29524364475398734
5/26/2021,1259.5881757999662,12796.627274704659,3.8547740943565256,0.00030123359941695984,0.10995026378719035
5/27/2021,4603.420326477503,13119.834291629088,13.759880702678133,0.0010487846413927207,0.3828063941083431
5/28/2021,8642.53762295565,12467.248176955592,25.85680776608328,0.0020739787480830683,0.7570022430503199
5/29/2021,1161.2159236235805,11972.832705377052,3.560289199506579,0.00029736398119950655,0.10853785313781988
5/30/2021,2487.692254691701,11396.144559705417,7.677986966433974,0.0006737354836285479,0.24591345152441998
5/31/2021,15695.90736024242,11960.109720383449,45.31500470489821,0.0037888452333901647,1.3829285101874103
6/1/2021,7403.9441661910405,12339.650853392845,21.032674176382823,0.0017044788727227068,0.622134788543788
6/2/2021,17820.567145272897,12514.243782532752,47.882781845844356,0.003826262511577298,1.396585816725714
6/3/2021,10049.940711197465,12064.594683156043,28.473896329496228,0.0023601204248701363,0.8614439550775997
6/4/2021,4644.69705667231,11909.953106977837,12.96779159946684,0.0010888197025619886,0.39741919143512583
6/5/2021,2734.2615901228414,11685.869187055992,7.670035648662982,0.0006563513184931763,0.23956823125000934
6/6/2021,3197.6787591063307,12392.292979647598,8.733306526686304,0.000704736931335419,0.25722897993742794
6/7/2021,1526.0995011730683,11407.245987302855,4.598066922187289,0.0004030829989381567,0.1471252946124272
6/8/2021,3734.1850428309667,11193.871439575496,11.209645953600473,0.0010014092098618542,0.3655143615995768
6/9/2021,2001.2169826528202,11478.67952061518,5.880414597829088,0.0005122901625808206,0.18698590934199955
6/10/2021,645.8463828741106,11046.002040861684,2.000764912793941,0.0001811302320416613,0.06611253469520638
6/11/2021,1839.0242641597117,10693.349249419452,5.325078857558991,0.0004979804487212547,0.18176286378325798
6/12/2021,804.5110129068319,10771.222686228117,2.416610818613463,0.0002243580779091399,0.08189069843683607
6/13/2021,1004.3843584788916,11104.305889389565,2.950690805932732,0.00026572492106437636,0.09698959618849738
6/14/2021,542.7317120686041,11266.404863948504,1.607607175120112,0.0001426903430627025,0.052081975217886406
6/15/2021,555.8555589001668,11069.254719087337,1.6573333105231025,0.0001497240196004587,0.05464926715416742
6/16/2021,4532.279297217143,10937.814889027637,12.15896934841153,0.001111645193466284,0.4057504956151937
6/17/2021,1826.1623454278067,11128.893263081512,5.363869802547222,0.0004819769293988182,0.17592157923056864
6/18/2021,1554.5327680583414,10802.807067417494,4.585347937245625,0.0004244589307787936,0.15492750973425967
6/19/2021,1889.0218768691784,10697.588395411132,5.583548745397941,0.0005219446233127717,0.19050978750916167
6/20/2021,3299.0474677723687,10601.29833499963,9.721187986794202,0.000916980890416055,0.3346980250018601
6/21/2021,3214.1290645535028,9944.359030737678,9.615659456396434,0.0009669461276161445,0.3529353365798928
6/22/2021,3545.3286445059853,9690.409269095657,10.254484185307073,0.001058209607101977,0.38624650659222165
6/23/2021,1659.8477297844481,9830.521482113098,4.884118456805581,0.0004968320821730941,0.18134370999317934
6/24/2021,3811.025863174584,10261.347118422633,11.06643974669852,0.001078458765597206,0.39363744944298024
6/25/2021,3546.168296962237,9779.691536253256,10.247126962913804,0.0010477965409162208,0.3824457374344206
6/26/2021,2129.937053461968,9835.837427491138,6.177042558607476,0.000628013893493467,0.22922507112511545
6/27/2021,1974.6715315270185,9937.56532745665,5.792856705041433,0.0005829251445559066,0.2127676777629059
6/28/2021,1547.4945675579058,10260.050505550098,4.438996635179103,0.0004326486144271766,0.15791674426591945
6/29/2021,1802.0866539334677,10578.086492578324,5.250725765756465,0.0004963776548282545,0.1811778440123129
6/30/2021,3089.2654071742204,10614.298680486438,8.847052428630661,0.0008335032483017724,0.3042286856301469
7/1/2021,1566.2392255992725,10571.070198462608,4.56704962303617,0.0004320328535610684,0.15769199154978994
7/2/2021,224.75383027568674,10260.807239720376,0.672915,0.00006558109749836194,0.02393710058690211
7/3/2021,475.35363913404825,10573.969397709103,1.3921351332814014,0.0001316568150445956,0.048054737491277394
7/4/2021,1511.897284118384,10662.19355661542,4.47689850534207,0.0004198853154906714,0.15325814015409506
7/5/2021,1187.7286428908271,10414.28830745325,3.47375037780204,0.0003335561946480743,0.12174801104654713
7/6/2021,1431.056770824718,10421.444653409066,4.181675058324202,0.00040125675445162884,0.1464587153748445
7/7/2021,7497.598619764067,10386.579252573963,20.87377501670533,0.0020096871654382716,0.7335358153849691
7/8/2021,3057.2345060915422,10087.30674036541,8.477362293097354,0.0008403989797568369,0.3067456276112454
7/9/2021,2621.5742211229817,10237.836226216834,7.592796566406056,0.000741640752853868,0.2706988747916618
7/10/2021,741.9909754714402,11551.627766886826,2.1792063705391027,0.00018864928947813568,0.06885699065951952
7/11/2021,1011.6698763257276,11768.015024080452,2.946148621489999,0.0002503522144950873,0.09137855829070685
7/12/2021,2780.258696908878,11563.36229226617,8.338129409737585,0.0007210817406728066,0.26319483534557436
7/13/2021,1330.749345125275,11272.65877527602,4.0643891643825425,0.0003605528425376313,0.13160178752623541
7/14/2021,1516.505623081188,11297.786381835625,4.516220665685126,0.00039974385362306225,0.14590650657241772
7/15/2021,656.4203499588922,11206.458787805279,1.9511224864448555,0.00017410696129700146,0.06354904087340553
7/16/2021,1392.6757371386539,10721.118711601925,4.230531549904454,0.00039459795789093894,0.1440282546301927
7/17/2021,964.0219112425402,10908.614591863601,2.832536666145823,0.0002596605318019508,0.09477609410771203
7/18/2021,974.4933473372184,10751.117993308208,2.911556866092611,0.000270814334649182,0.09884723214695143
7/19/2021,1022.9248478822196,10184.994108422268,3.153833346961229,0.0003096549014548013,0.11302403903100247
7/20/2021,1994.4990359807368,10195.026017679598,5.737228284883305,0.0005627477825887007,0.20540294064487574
7/21/2021,1574.0382457718488,10649.77651370975,4.633785810846612,0.0004351063897802373,0.15881383226978663
7/22/2021,2296.44881312752,11122.527050079761,6.712246803586266,0.0006034821739128188,0.22027099347817888
7/23/2021,646.1048882043958,11496.241232352242,1.8842458110025337,0.0001639010327740834,0.05982387696254044
7/24/2021,1159.064071213366,11629.872416840873,3.4277276496567337,0.0002947347594882591,0.10757818721321459
7/25/2021,1108.2460070185098,12092.9826862593,3.2044666162723257,0.00026498562839368103,0.09671975436369358
7/26/2021,1704.8942601555443,11514.435050007374,5.248621870258827,0.00045582973436942225,0.16637785304483912
7/27/2021,1437.7603220895278,11726.594519879145,3.9929684597209554,0.0003405053745954974,0.12428446172735655
7/28/2021,1035.103712002582,11588.591589736332,2.988577477812772,0.0002578896196893905,0.09412971118662752
7/29/2021,1831.1126675803437,11818.029141445119,5.175106512233999,0.000437899285091895,0.15983323905854166
7/30/2021,1815.2368464299027,11929.249047765641,5.311076668619581,0.0004452146692011892,0.16250335425843404
7/31/2021,1084.0801259967457,12365.483477152802,3.1879976240758316,0.0002578142318467502,0.09410219462406384
8/1/2021,1673.2091596297591,12019.757480173626,5.013346232909905,0.0004170921286206755,0.15223862694654658
8/2/2021,1800.5065826416787,12243.214339608703,5.363813303853251,0.00043810499065596533,0.15990832158942733
8/3/2021,313.2894417322979,12178.756075595593,0.9289621855431826,0.00007627726343946439,0.0278412011554045
8/4/2021,449.38024476312694,12423.73008678553,1.3197718890297283,0.00010622992288229928,0.03877392185203924
8/5/2021,727.7231574432637,12381.45897136018,2.158850724245026,0.00017436157800455586,0.06364197597166288
8/6/2021,692.6308647216407,12792.048466702454,2.029688321977941,0.00015866796684371506,0.05791380789795599
8/7/2021,934.7001431182758,12918.547949000818,2.707793835377005,0.00020960512327443414,0.07650586999516847
8/8/2021,1035.042399518672,12350.24465629211,3.168364603929776,0.0002565426590408135,0.09363807054989694
8/9/2021,475.75810706299944,12656.90145377653,1.4150111325403965,0.00011179759419855398,0.04080612188247221
8/10/2021,2204.0162597207236,12685.109222823929,6.5850919324257315,0.0005191198449105489,0.18947874339235038
8/11/2021,592.0594731636561,13189.776760136005,1.7484106294433366,0.00013255801529011687,0.048383675580892654
8/12/2021,1023.5608968318596,12819.643614212708,3.0635115582013457,0.00023897010325660953,0.08722408768866248
8/13/2021,1521.5870992796197,13308.510590734279,4.478795292807592,0.0003365361782802234,0.12283570507228153
8/14/2021,1006.7895508993715,13417.91668368549,2.9744544151676475,0.00022167781223326663,0.08091240146514232
8/15/2021,1880.2931810572024,13519.36196577325,5.1443066483092625,0.00038051401104083316,0.1388876140299041
8/16/2021,1107.5948109631513,13379.47019857629,3.289598997129097,0.0002458691523883467,0.08974224062174654
8/17/2021,1296.3106624208494,12834.506966707368,3.996166419553692,0.0003113611165524101,0.11364680754162969
8/18/2021,929.9481052421387,12793.836076604797,2.7608404050326385,0.00021579457392620468,0.07876501948306472
8/19/2021,1337.3591399137877,13302.552036925648,3.9062060196259463,0.00029364335570971457,0.10717982483404583
8/20/2021,2231.045041431883,13487.453100772236,6.453409837538194,0.0004784750530230721,0.17464339435342133
8/21/2021,2139.9706545088725,13618.693779058392,6.3838558532900365,0.00046875683944862305,0.17109624639874743
8/22/2021,2763.53920695478,13690.48064827846,8.192650482612352,0.0005984194925722023,0.21842311478885387
8/23/2021,3363.310067357482,14379.177567259041,10.009048039956294,0.0006960793128215204,0.25406894917985495
8/24/2021,2766.985038133608,14299.003760965361,8.050116334633792,0.0005629844196985027,0.2054893131899535
8/25/2021,4767.912221651017,15230.847588178905,14.17009338934564,0.0009303548806005684,0.33957953141920744
8/26/2021,16654.467878947467,14617.03107567841,48.938485890603104,0.0033480455529736747,1.2220366268353913
8/27/2021,11301.645998109367,16206.817595803888,31.713411544370143,0.0019567945006415738,0.7142299927341744
8/28/2021,5989.4173580654815,16719.781166821354,17.117945240651487,0.0010238139524589142,0.3736920926475037
8/29/2021,7659.125908950333,16648.967669492624,23.485998409812645,0.0014106579384407189,0.5148901475308624
8/30/2021,2478.9568786735954,16287.360358600567,7.555341349159108,0.00046387758254329395,0.1693153176283023
8/31/2021,826.3985998548249,15966.717011065975,2.503740965506644,0.00015681000444683703,0.05723565162309552
9/1/2021,1659.8211273687143,16318.27851886248,4.798036883180372,0.0002940283730072549,0.10732035614764802
9/2/2021,884.1445075274019,16067.89990777245,2.674711469419198,0.00016646304027107938,0.06075900969894398
9/3/2021,735.8941428445489,16340.51188888161,2.188150647675447,0.00013390955329644879,0.048876986953203805
9/4/2021,3714.6058500799872,16448.191740341197,10.714128996033041,0.0006513864359785723,0.23775604913217885
9/5/2021,2074.0530105843995,16511.902469737095,6.0173323198615964,0.00036442392576446737,0.13301473290403057
9/6/2021,1290.0823833331244,16753.058800336334,3.8203712311436484,0.0002280402209933717,0.08323468066258068
9/7/2021,2119.2668651080317,14872.357508176461,6.7024490025122505,0.00045066486593180714,0.16449267606510962
9/8/2021,1034.7009875301828,14786.470774782018,3.0735344265807667,0.00020786125867320606,0.07586935941572022
9/9/2021,4068.745949026189,17558.94195483137,11.818521264002117,0.0006730770734594422,0.2456731318126964
9/10/2021,3112.614789100856,18091.733175991863,9.00480043067576,0.0004977301148032258,0.1816714919031774
9/11/2021,1522.9017553278811,17454.40620168081,4.726131167006023,0.0002707700916546167,0.0988310834539351
9/12/2021,2107.165694940295,18980.424178563,6.262677247939846,0.0003299545462747393,0.12043340939027983
9/13/2021,3975.3013378224337,19609.971773166184,11.54198198128191,0.0005885771848522333,0.21483067247106516
9/14/2021,3222.0012709425723,19281.19274216146,9.750757389197416,0.0005057133922983821,0.18458538818890946
9/15/2021,1213.081604538452,18339.072174191606,3.7951652974209,0.00020694423694791921,0.07553464648599051
9/16/2021,1235.22573425678,18521.37541561133,3.6993569232237804,0.00019973446033093526,0.07290307802079136
9/17/2021,1472.4224328065911,17430.73332332724,4.608291211516407,0.00026437735728245085,0.09649773540809456
9/18/2021,867.9874090737211,18073.141865229245,2.589479201821421,0.00014327775552978406,0.05229638076837118
9/19/2021,1083.928907676177,17349.977466065597,3.399264271746178,0.00019592326724312566,0.07151199254374087
9/20/2021,2103.1374622140893,16246.856276518429,6.492583094622272,0.0003996208856728792,0.1458616232706009
9/21/2021,1890.9710446933386,15664.867018392746,5.763431469506731,0.0003679208679358501,0.13429111679658529
9/22/2021,1437.438583496466,17116.02414514466,4.160042957303633,0.00024304960790112704,0.08871310688391137
9/23/2021,1113.715992105256,18018.03378702342,3.3129915557357053,0.00018387087042326007,0.06711286770448993
9/24/2021,3426.111766852947,19475.39379935796,9.64294371608603,0.0004951347230988431,0.18072417393107773
9/25/2021,1688.357350397542,18856.992635724488,5.081147172366334,0.0002694569208634108,0.09835177611514495
9/26/2021,986.7614248753492,18160.134703228112,3.0221768730238043,0.00016641819691384712,0.060742641873554194
9/27/2021,709.1929902453592,17543.617394449284,2.188154589818294,0.0001247265339080306,0.04552518487643117
9/28/2021,1014.3539980387079,16999.86872061444,3.0945878529360566,0.00018203598532402117,0.06644313464326773
9/29/2021,1083.3791838395534,17295.882275721444,3.205768333694639,0.00018534864441085126,0.06765225520996072
9/30/2021,662.8133573934174,17992.702537844885,1.941086458368612,0.00010788187345874445,0.039376883812441726
10/1/2021,1045.5406329640473,18335.60657505866,3.1363396013377636,0.0001710518595880011,0.06243392874962039
10/2/2021,2661.8845015617635,20276.193825204613,7.769587116559702,0.000383187652650154,0.1398634932173062
10/3/2021,3539.7096623220114,20767.483475826713,10.573129021588457,0.0005091194141984293,0.1858285861824267
10/4/2021,1701.0845482962404,20594.39189636316,5.1583738846888805,0.0002504746879950273,0.09142326111818495
10/5/2021,1372.4107090543632,19823.58442812291,4.212437574266858,0.00021249626118528012,0.07756113533262723
10/6/2021,1796.4310447803837,19729.137852784865,5.412085594543737,0.0002743194170433451,0.10012658722082096
10/7/2021,710.7121114091253,19758.79831391774,2.1393764979202925,0.00010827462601373659,0.039520238495013855
10/8/2021,338.85427327109124,19311.41808738096,1.0404015099340573,0.00005387494099223647,0.01966435346216631
10/9/2021,621.809571892639,20073.246293556516,1.8321957288617787,0.00009127550681475527,0.03331555998738567
10/10/2021,786.9663176657173,19231.758326966858,2.4092155337219934,0.00012527276459915683,0.045724559078692245
10/11/2021,545.6017594397758,18580.338293516783,1.679547224640554,0.00009039379144278533,0.032993733876616645
10/12/2021,1304.9883118934586,19202.83208236815,3.858745960387734,0.00020094671160150363,0.07334554973454883
10/13/2021,501.15218411311866,19185.126996048875,1.4885930943889087,0.0000775909950815275,0.028320713204757538
10/14/2021,569.6227229890484,18917.700241126982,1.7457598621738288,0.00009228182283904447,0.03368286533625123
10/15/2021,406.36024081171246,18870.332108236136,1.216474241805144,0.00006446490898134232,0.023529691778189945
10/16/2021,433.3274572030152,18804.176469165053,1.3004531914515458,0.0000691576785393404,0.025242552666859246
10/17/2021,337.0894535939856,18458.001877813636,1.0273966591657597,0.00005566131512862624,0.02031638002194858
10/18/2021,229.89614500422613,18508.861664910044,0.6826608238300074,0.000036882917825477475,0.013462265006299278
10/19/2021,326.99727671195814,18461.89491540513,0.9873611657908055,0.000053481030539661625,0.019520576146976495
10/20/2021,295.9611240358113,18933.23615213378,0.8862833718783462,0.00004681098174431537,0.01708600833667511
10/21/2021,397.67019408020025,18546.40766652275,1.215945650536061,0.00006556232734660025,0.02393024948150909
10/22/2021,332.2343284542908,18585.61678950977,1.0041528334406777,0.000054028491215177155,0.01972039929353966
10/23/2021,205.43135650278626,18544.762615604697,0.6149299256447572,0.00003315922335545657,0.01210311652474165
10/24/2021,453.7015316304408,18359.413263122406,1.3527724373832437,0.00007368277068529674,0.02689421130013331
10/25/2021,474.1325790591004,18609.94672038746,1.4107716569916764,0.00007580739903173157,0.02766970064658202
10/26/2021,490.995924538437,18737.18228783924,1.4854311086125576,0.00007927718724157518,0.02893617334317494
10/27/2021,1041.069095279084,17555.32996603005,3.238336428091352,0.00018446457197657942,0.06732956877145149
10/28/2021,300.7229445131849,17889.965614899345,0.8952841438519026,0.000050043927591804916,0.018266033571008793
10/29/2021,425.68364162301594,18569.804406790714,1.2660149699974097,0.00006817599917931531,0.024884239700450093
10/30/2021,434.0491863289792,18086.154682154953,1.3240262441087458,0.00007320661950409622,0.02672041611899512
10/31/2021,455.55809577469705,17747.069103968923,1.387812956438345,0.00007819955781475923,0.02854283860238712
11/1/2021,335.11021155566254,17832.87101781076,1.0007479566541295,0.00005611816267019609,0.020483129374621573
11/2/2021,398.1422057495079,17886.73950686637,1.1871461335187916,0.00006637018071756841,0.024225115961912472
11/3/2021,848.3168076932709,18170.67868524488,2.5058844178944093,0.00013790813548033627,0.05033646945032274
11/4/2021,578.7632764757969,18555.767004300622,1.6967178956642635,0.00009143884460669395,0.03337517828144329
11/5/2021,388.3825618259982,18215.437181345453,1.1842639207227397,0.0000650143012727442,0.023730219964551633
11/6/2021,363.33066588957126,18181.459676824015,1.0960068281572763,0.00006028156416694975,0.022002770920936658
11/7/2021,180.78169015075326,18085.195068346748,0.5448942820985044,0.000030129300792126638,0.010997194789126223
11/8/2021,309.77715042705336,18186.27434069644,0.9378179537216653,0.00005156734887821734,0.01882208234054933
11/9/2021,173.0725340932609,18009.20909214467,0.5252551880631416,0.000029165922022208606,0.01064556153810614
11/10/2021,928.5508157097792,17515.85358797081,2.788262754629985,0.00015918509141597603,0.058102558366831245
11/11/2021,536.9931352179503,16471.25804738973,1.6066815669959313,0.00009754455685007916,0.03560376325027889
11/12/2021,288.56651573574965,16170.853808381671,0.8837771936931768,0.000054652475630884604,0.01994815360527288
11/13/2021,275.1226908183255,16504.82338046569,0.8197404791525073,0.00004966672228208831,0.01812835363296223
11/14/2021,428.61978016010005,16333.521853028386,1.2859065533135596,0.00007872806397079273,0.028735743349339343
11/15/2021,251.84846393594492,15774.07639631943,0.7836337593353211,0.000049678582735795966,0.01813268269856553
11/16/2021,851.2983588470462,15219.609422778929,2.6207746928590434,0.0001721972371338633,0.06285199155386009
11/17/2021,285.58566846005004,15420.586230412877,0.8560506655264332,0.00005551349687589101,0.020262426359700218
11/18/2021,540.286180565655,14640.309873082417,1.7028963453598451,0.00011631559441858399,0.042455191962783155
11/19/2021,641.91957894145,15709.296549126233,1.9089724471196912,0.00012151864605457907,0.04435430580992136
11/20/2021,175.1965281818354,15865.43902809374,0.5242173139067587,0.00003304146282863654,0.012060133932452338
11/21/2021,196.20391883683706,15107.836134432075,0.6266952615136502,0.000041481470671061694,0.015140736794937519
11/22/2021,414.1717691584942,15278.857200526425,1.2408328371968225,0.00008121241143310576,0.029642530173083603
11/23/2021,299.4672639238481,15050.81799016715,0.9086499627209758,0.00006037213148910617,0.02203582799352375
11/24/2021,200.97975856186608,14954.226487627748,0.6083143073428606,0.00004067842010057453,0.014847623336709703
11/25/2021,156.30267460240484,15256.713914604892,0.46720130726255255,0.00003062266946064393,0.011177274353135036
11/26/2021,662.724208222171,14653.825654642647,2.032617987802933,0.00013870903310214802,0.05062879708228403
11/27/2021,299.9477094093404,14341.735113010873,0.9244111642387535,0.00006445601992747198,0.023526447273527273
11/28/2021,356.54657036845185,14580.778499842541,1.0522049008035714,0.00007216383547798455,0.026339799949464355
11/29/2021,1309.7722473281801,15646.040538631087,3.947086897511273,0.0002522738508676147,0.09207995556667936
11/30/2021,726.7040092044566,15723.294712549214,2.203163721034145,0.00014012099635044915,0.051144163667913946
12/1/2021,242.86396428263535,15334.748447036669,0.7457362038997998,0.00004863048171122155,0.017750125824595866
12/2/2021,191.57976125596898,15081.00163456772,0.5881279819115304,0.000038997939007145294,0.01423424773760803
12/3/2021,774.0450715823595,14470.262776780204,2.438870005178157,0.0001685435878256271,0.06151840955635389
12/4/2021,403.04585385592594,13721.574558878348,1.2507348568114522,0.00009115097188333844,0.033270104737418524
12/5/2021,760.5145495413726,13434.6102414971,2.305814364993406,0.00017163239748267198,0.06264582508117528
12/6/2021,972.7955655062394,13727.19187835355,2.8725003027286435,0.0002092562213877332,0.07637852080652263
12/7/2021,2818.4509858088936,15747.109679583575,8.289116175159059,0.0005263896895254406,0.19213223667678583
12/8/2021,1818.7028850904233,15763.792324051414,5.52306782254146,0.0003503641578755581,0.1278829176245787
12/9/2021,716.9422260789345,14752.798661784278,2.270241097611241,0.0001538854524933011,0.05616819016005491
12/10/2021,759.3574222429181,14281.52359657689,2.3312960614449514,0.00016323861006004535,0.05958209267191655
12/11/2021,449.6581155532374,14255.444009393264,1.3543624141787136,0.0000950066804854546,0.03467743837719093
12/12/2021,209.92576947459926,14095.600208754035,0.645718372649353,0.00004580992388308029,0.016720622217324305
12/13/2021,900.3696094111533,14321.696672497077,2.613153070826458,0.00018246113785140225,0.06659831531576182
12/14/2021,589.4994992825086,14255.778334065166,1.767282946424977,0.00012396958657823212,0.045248899101054715
12/15/2021,534.7780413830383,14310.626666838927,1.5830703675884032,0.00011062201568410333,0.04037703572469772
12/16/2021,362.37921305116663,14068.577302914558,1.109005188346895,0.00007882852433963914,0.028772411383968285
12/17/2021,295.653143269037,13815.286764109058,0.9042423199715264,0.00006545230188928623,0.023890090189589475
12/18/2021,87.63455015358743,14019.096900642799,0.2605803070377908,0.00001858752449495108,0.006784446440657144
12/19/2021,68.08987959144729,13810.547345932815,0.2066096020218213,0.000014960276145946346,0.005460500793270416
12/20/2021,297.2501883195864,13939.421700349056,0.8743595051478207,0.000062725665665594,0.02289486796794181
12/21/2021,102.58424399439036,14008.536827632492,0.3062254355266945,0.000021859915799532364,0.007978869266829313
12/22/2021,387.3383439391576,14494.364475006194,1.1573716250121546,0.00007984976692202712,0.0291451649265399
12/23/2021,261.58003928483976,14808.508503821718,0.7707940014393219,0.00005205075185258519,0.018998524426193597
12/24/2021,223.81420360892108,14361.266652470567,0.6903797220708379,0.000048072342000005406,0.01754640483000197
12/25/2021,662.965334982686,14373.879758708812,1.9762975483376604,0.00013749228333013333,0.05018468341549866
12/26/2021,478.3087870473866,15033.197439425125,1.4276607475274914,0.00009496720529881404,0.03466302993406713
12/27/2021,589.360536660142,14732.85480482359,1.805592589719092,0.00012255551375745145,0.04473276252146978
12/28/2021,183.15341758489973,14458.85482661224,0.5652828545890555,0.0000390959630875209,0.014270026526945126
12/29/2021,355.66288562090455,14095.157342777056,1.0885214770437537,0.00007722662830731416,0.028187719332169667
12/30/2021,1155.680747708987,14203.925629356,3.454107705217899,0.00024317979376624677,0.08876062472468008
12/31/2021,743.8396297845969,14562.511412657483,2.188515483019362,0.0001502842072362012,0.05485373564121343
1/1/2022,396.74181137048436,14744.965019258902,1.175634518671828,0.0000797312517958701,0.029101906905492584
1/2/2022,235.10280358511162,14531.157212794158,0.7127324914158222,0.00004904857066636696,0.01790272829322394
1/3/2022,560.3676958958148,14657.092958487225,1.6990855456663967,0.00011592241043149946,0.042311679807497296
1/4/2022,1132.9443679182166,15521.74018223426,3.3680641179296225,0.00021699011054086657,0.0792013903474163
1/5/2022,1039.8252302656679,14116.060898874606,3.359794423380673,0.0002380121797043629,0.08687444559209245
1/6/2022,590.8721289347427,13731.10890900149,1.8357772557763214,0.0001336947560420899,0.048798585955362815
1/7/2022,537.7055984271581,14201.165236156407,1.5912801774493819,0.0001120527894005455,0.04089926813119911
1/8/2022,486.0661077605343,13769.641537365516,1.4581821046645878,0.00010589833444157873,0.03865289207117624
1/9/2022,370.6426977552046,13866.239917061715,1.1158288860505376,0.00008047090579166786,0.02937188061395877
1/10/2022,448.4607728577186,13674.715547783437,1.3398330598790464,0.00009797886143936814,0.03576228442536937
1/11/2022,334.98323943963317,13919.554475823918,0.9939728411558078,0.00007140838041060744,0.026064058849871716
1/12/2022,105.59671728274252,14075.973381971722,0.3158841878338658,0.000022441374337809215,0.008191101633300365
1/13/2022,295.19181072633415,13806.905210030445,0.9085843384172657,0.00006580651671000081,0.024019378599150296
1/14/2022,136.43517529297552,14061.16273158691,0.40667672577524155,0.00002892198415865606,0.01055652421790946
1/15/2022,41.713645964521106,13989.23201916993,0.12435256344367988,0.000008889162984306448,0.0032445444892718537
1/16/2022,79.77387815907832,13893.495932699812,0.24004997274911075,0.000017277866845890655,0.006306421398750089
1/17/2022,85.08474061317891,13640.169533633461,0.26143373692936445,0.000019166458032998058,0.006995757182044291
1/18/2022,315.3049740576776,13726.310928440624,0.9400213754192863,0.00006848317660294158,0.024996359460073676
1/19/2022,1245.4428817069283,13338.13144297828,3.7388773074480817,0.0002803149244279171,0.10231494741618975
1/20/2022,482.39412124848644,12765.345416839313,1.5255432328887715,0.00011950661600401053,0.04361991484146384
1/21/2022,627.2089976308575,12406.643354118256,1.9350902005297674,0.00015597209860049974,0.056929815989182404
1/22/2022,1197.9315839573126,11670.492735378488,3.610368204688762,0.00030935867803971295,0.11291591748449521
1/23/2022,403.3843671334032,11698.446638164865,1.209927875954137,0.00010342637047271588,0.0377506252225413
1/24/2022,1093.6772475162236,11631.703062543764,3.1251429914539917,0.0002686745848522845,0.09806622347108383
1/25/2022,326.7926641603198,11745.427574587533,0.9718750038779425,0.00008274496587767449,0.03020191254535119
1/26/2022,794.6296405869613,11424.61335295969,2.45316662642178,0.00021472644636908052,0.07837515292471439
1/27/2022,551.8379537317799,11693.023897482226,1.6400546488023422,0.00014025924031126655,0.05119462271361229
1/28/2022,239.05899806709286,11958.208434981903,0.7042787292187894,0.00005889500363269552,0.021496676325933866
1/29/2022,389.2799925273124,12637.20503837491,1.1617544947655394,0.00009193128474513823,0.03355491893197545
1/30/2022,259.752358235333,12123.926143682866,0.8079017433483541,0.00006663697335118697,0.024322495273183243
1/31/2022,431.11250877726286,12791.555942818777,1.2745593988120925,0.00009964068519183035,0.03636885009501808
2/1/2022,325.30007321211764,13178.309620466796,0.969504471379899,0.00007356819647598762,0.026852391713735477
2/2/2022,626.1029058707234,13210.201884558537,1.8650045370663746,0.00014117910940077204,0.0515303749312818
2/3/2022,683.4984749185875,13128.530511478952,2.0301671531664267,0.0001546378059137195,0.05644279915850761
2/4/2022,251.24615590956498,13499.9773068782,0.7503892083535589,0.00005558447923991974,0.020288334922570705
2/5/2022,253.05947934342686,13531.03047387529,0.7546567204092156,0.00005577230218099433,0.020356890296062934
2/6/2022,63.17936463572587,13485.99800513911,0.18831966564360092,0.000013964088202581517,0.005096892193942253
2/7/2022,348.2777495474971,14015.68861554255,1.0319207461099336,0.00007362611816058726,0.026873533128614353
2/8/2022,435.06898069702584,14264.14444214036,1.28748255963265,0.00009026006185334598,0.03294492257647128
2/9/2022,177.52586666829828,14414.586540900773,0.5301552868613272,0.000036779083836850556,0.013424365600450454
2/10/2022,378.80225913647786,13871.005159644405,1.1698994235590832,0.00008434135883409004,0.030784595974442865
2/11/2022,789.155676647679,14219.85641762077,2.3315686463502057,0.0001639656954243929,0.05984747882990341
2/12/2022,301.3980326229493,13681.465044506114,0.9260966418089651,0.00006768987376690668,0.024706803924920938
2/13/2022,233.20766048339559,13225.875509700096,0.7266950021021713,0.00005494494497314753,0.02005490491519885
2/14/2022,177.5517276107384,13668.63788939667,0.5288196585063285,0.00003868854108107991,0.014121317494594167
2/15/2022,145.76910458898115,13744.299708613602,0.43643703402263195,0.00003175403936725239,0.011590224369047124
2/16/2022,128.49814566778744,13506.329978273727,0.39399688348725137,0.000029171276292007857,0.010647515846582868
2/17/2022,245.57118622586984,13064.561189821736,0.765185,0.000058569514037420256,0.021377872623658395
2/18/2022,343.2488252388215,12957.086810823825,1.0338551907303606,0.00007979071266750485,0.02912361012363927
2/19/2022,201.81471411834275,12920.309099308857,0.6023018641873235,0.0000466166760839756,0.01701508677065109
2/20/2022,508.1864279810714,12518.949306418774,1.5243997926026862,0.00012176739080020788,0.04444509764207588
2/21/2022,793.4286131568765,11607.569349583553,2.5300332206230975,0.00021796408398920038,0.07955689065605814
2/22/2022,244.61285644514632,11937.83530389763,0.7273448866833275,0.00006092770323660387,0.022238611681360414
2/23/2022,738.0867392356504,11277.209743531896,2.3357963739431944,0.00020712538181555973,0.0756007643626793
2/24/2022,1146.7893908468823,11922.33748630066,3.31621775344555,0.0002781516424322029,0.10152534948775406
2/25/2022,549.558322747455,12589.078469371201,1.606165657218971,0.00012758405320347453,0.046568179419268205
2/26/2022,344.18810050658476,12440.895775113822,1.039222067145391,0.00008353273638255224,0.03048944877963157
2/27/2022,347.61006764949093,12041.009637945055,1.067780433368593,0.0000886786461829311,0.03236770585676985
2/28/2022,445.09345939390494,12755.352457520481,1.3262744359555265,0.00010397787441565857,0.037951924161715375
3/1/2022,277.01380400645877,12779.649410136295,0.8306644402855362,0.00006499900064759892,0.023724635236373606
3/2/2022,421.3208315464647,12680.749657359242,1.2686750823744255,0.00010004732501269379,0.03651727362963324
3/3/2022,332.541831873329,12326.882365072477,1.0245259523093562,0.00008311314426203112,0.03033629765564136
3/4/2022,274.4950640269558,11894.580503518437,0.8534025055686694,0.00007174717135389782,0.0261877175441727
3/5/2022,149.79640429158223,11985.316878086314,0.449093938760562,0.000037470343365028195,0.013676675328235292
3/6/2022,242.71328563222713,11620.088481374425,0.7445972753690574,0.00006407845143025851,0.023388634772044354
3/7/2022,356.52940951127454,11800.17982865831,1.062493978068826,0.00009004049035663149,0.03286477898017049
3/8/2022,533.4908098614269,12022.899681869992,1.5607345224347295,0.00012981348624144714,0.04738192247812821
3/9/2022,373.02818792866594,11945.316320749242,1.1260183212650279,0.00009426442055026309,0.03440651350084603
3/10/2022,351.0069224219526,11824.51662189835,1.056762915026768,0.00008937049596342073,0.032620231026648565
3/11/2022,99.06191123447104,11868.92163514382,0.29653956423843103,0.000024984541422902212,0.009119357619359307
3/12/2022,159.63220842828343,11960.223833394364,0.4760789129664543,0.00003980518421713693,0.01452889223925498
3/13/2022,182.26814604006233,11631.09568593741,0.560562183999754,0.000048195131321763815,0.017591222932443792
3/14/2022,140.47412571761248,11703.95970566581,0.4216074812751337,0.0000360226360887962,0.013148262172410613
3/15/2022,233.81793375461808,11761.667478968273,0.7010127012961576,0.000059601472542025136,0.021754537477839175
3/16/2022,178.6984850444688,12027.420576002894,0.5294043000646427,0.00004401644531504202,0.01606600253999034
3/17/2022,210.4567932813295,11878.28467722121,0.635805157090714,0.00005352668119749537,0.01953723863708581
3/18/2022,231.6881892382311,12179.822036585056,0.686113460443429,0.00005633197746096129,0.020561171773250873
3/19/2022,146.14005023115772,12500.037513454128,0.4355943823069606,0.000034847446004711475,0.012719317791719689
3/20/2022,259.909764971259,12245.040911239996,0.789535763570418,0.00006447800128178302,0.023534470467850805
3/21/2022,65.59944825304844,12343.626039226932,0.19635890893782407,0.00001590771693129824,0.005806316679923856
3/22/2022,178.10307877195646,12599.765344727753,0.5309233140799664,0.00004213755570472795,0.0153802078322257
3/23/2022,244.75720899095046,12727.599929922264,0.7309081067622576,0.00005742701772420668,0.02096086146933544
3/24/2022,187.64834627021136,12804.91917626346,0.5592897020333588,0.00004367772215775612,0.015942368587580986
3/25/2022,64.57218806870203,12838.664755694537,0.1930585681782033,0.000015037277773965782,0.0054886063874975115
3/26/2022,204.8208220193458,13070.159590184825,0.6133152965371327,0.00004692485139949694,0.017127570760816384
3/27/2022,141.88581704389426,13386.060716058306,0.4242845846956565,0.000031696000316707993,0.011569040115598419
3/28/2022,200.40315239239817,13290.116819874305,0.6076169622545723,0.00004571945984296615,0.016687602842682645
3/29/2022,269.36582367162686,13134.071426766975,0.8218353271804884,0.00006257277735718753,0.02283906373537345
3/30/2022,149.2084783820836,13428.205965633853,0.44505972750816186,0.000033143647680649324,0.012097431403437003
3/31/2022,347.0697786837569,12932.758233683582,1.0798255904906735,0.00008349538211255275,0.030475814471081754
4/1/2022,317.18253442942455,13691.366551619145,0.9455818247246349,0.00006906409386963715,0.025208394262417562
4/2/2022,128.7940857307246,13510.527202796384,0.38929545505373214,0.00002881423124429641,0.010517194404168189
4/3/2022,23.56671133320966,13706.409466363728,0.0704566873071573,0.000005140418975521039,0.001876252926065179
4/4/2022,204.43602156769168,13507.883165415333,0.6105944762139563,0.00004520282480509463,0.01649903105385954
4/5/2022,249.91146889568776,13003.06682155554,0.766585,0.00005895416908334356,0.0215182717154204
4/6/2022,246.21117086060303,12347.48693420031,0.774378,0.00006271543384711853,0.022891133354198265
4/7/2022,134.62918753446084,12616.053251583557,0.4021246628347556,0.00003187404609157632,0.011634026823425358
4/8/2022,245.97363058715118,12088.892644084011,0.776506,0.0000642330131354092,0.02344504979442436
4/9/2022,188.02520985401353,12298.380833082196,0.5572299712686026,0.00004530921418286823,0.016537863176746905
4/10/2022,133.38371078397677,12029.6447516302,0.4093402068531701,0.00003402762220369793,0.012420082104349745
4/11/2022,190.4677870427934,11931.940508862099,0.5718474551520445,0.00004792577156476112,0.017492906621137807
4/12/2022,196.9688807633336,11946.021498863109,0.5934178259678817,0.0000496749337027693,0.018131350801510796
4/13/2022,127.03865999881265,12316.426707562381,0.37941630547893296,0.000030805712930193336,0.011244085219520566
4/14/2022,189.6279321055747,12253.616889144021,0.5629389901793282,0.00004594063901884013,0.016768333241876647
4/15/2022,49.57113106132102,12280.23154986606,0.14727341316040837,0.000011992722821420634,0.004377343829818531
4/16/2022,47.383521241446886,12180.732900691512,0.1424723010419006,0.000011696529445597835,0.00426923324764321
4/18/2022,366.7532105626345,12165.175821567565,1.0685898932051858,0.00008784006979255403,0.03206162547428223
4/19/2022,42.354969758088345,12297.656935066445,0.1266030561733275,0.000010294892502027946,0.0037576357632402
4/20/2022,71.72537444768145,12164.201553163273,0.21661757694198475,0.000017807792479865138,0.006499844255150775
4/21/2022,108.89242089443515,11956.43207328526,0.332386,0.00002779976484311432,0.010146914167736727
4/24/2022,222.91761398597643,11649.94328373733,0.6775984673496606,0.00005816324172973015,0.021229583231351504
4/25/2022,109.43589039046297,11719.446908333979,0.3241932559912344,0.000027662846081984707,0.010096938819924418
4/26/2022,147.42471360327627,11297.844848388628,0.462527,0.00004093940093946047,0.014942881342903072
4/27/2022,23.973505029421293,11509.680396047694,0.07162271760485757,0.000006222824191491197,0.0022713308298942868
4/29/2022,126.30358912081533,11184.970324363067,0.387383,0.00003463424477364983,0.012641499342382187
4/30/2022,213.11013253164694,10924.221535764887,0.6461234244185005,0.00005914594667484107,0.02158827053631699
5/1/2022,31.89951056462317,11000.758085005948,0.09514992112157103,0.000008649396740326518,0.0031570298102191786
5/2/2022,230.37880424166673,10854.928071068969,0.6868147414158108,0.00006327215960521559,0.02309433825590369
5/3/2022,182.74395073373546,10890.970532271449,0.5429713046325275,0.000049855180768658644,0.018197140980560404
5/4/2022,328.11055837328587,11474.609054517185,0.9771520482029128,0.00008515776385586221,0.031082583807389704
5/5/2022,423.74502608227397,10698.239663501565,1.358148869897359,0.00012695068652564031,0.04633700058185872
5/6/2022,110.74636599487883,10930.686963157159,0.3287679803849572,0.000030077522253916755,0.010978295622679615
5/7/2022,354.2595579184913,11052.975755530957,1.048320362500449,0.00009484507934217307,0.03461845395989317
5/8/2022,199.12276495180046,11129.012277218211,0.589493171555683,0.000052969046746620335,0.01933370206251642
5/9/2022,878.5163841221488,9963.113099265418,2.793993601469667,0.00028043379349730244,0.10235833462651539
5/10/2022,653.3505349429554,9952.589660615618,1.977123959521077,0.0001986542223623416,0.07250879116225468
5/11/2022,1544.7358484538734,8965.371071650994,4.936624340854075,0.0005506324614341907,0.2009808484234796
5/12/2022,1787.5976009814292,9314.366126139008,5.043355702765636,0.0005414598947976085,0.19763286160112714
5/13/2022,307.955230014673,9341.719833373123,0.9199093337892268,0.00009847323086086007,0.03594272926421392
5/14/2022,332.548731514253,9188.38819345338,0.9852950695579755,0.000107232634147955,0.03913991146400358
5/15/2022,194.5736866153887,9355.454935990414,0.582534002699156,0.00006226677448449343,0.0227273726868401
5/16/2022,298.94890009836223,9280.425629602805,0.889698662082909,0.00009586830363091735,0.03499193082528483
5/17/2022,286.63945523221406,9278.57220450695,0.8538361210597387,0.00009202236100991902,0.033588161768620436
5/18/2022,236.68695480404472,8888.360758033748,0.7334035885331605,0.00008251280618535576,0.03011717425765485
5/19/2022,125.96570995936652,9156.675299381272,0.375119792995479,0.0000409668117226813,0.014952886278778674
5/20/2022,139.9241925387258,9072.757507290557,0.41539256282236625,0.000045784598837626934,0.01671137857573383
5/21/2022,184.86648345272295,9247.742471441852,0.5523654967345889,0.000059729766312195696,0.02180136470395143
5/22/2022,192.9712511575907,9613.626173719707,0.5754286667804531,0.0000598555276003423,0.02184726757412494
5/23/2022,305.1189424408277,9688.680146933462,0.9068696721638936,0.00009360095063628707,0.034164346982244784
5/24/2022,398.65136440651486,9984.669008087223,1.1745353501488525,0.00011763387942029135,0.04293636598840634
5/25/2022,315.02345268951467,10153.430185814455,0.9302062078846233,0.00009161497059232569,0.03343946426619888
5/26/2022,578.4730775274979,9335.910536084391,1.8246188377505341,0.00019544090859677457,0.07133593163782272
5/27/2022,185.58834187411023,9349.63223801373,0.5515528456420234,0.00005899192947927087,0.021532054259933868
5/28/2022,216.11477234122066,9661.652160732261,0.6443748792264599,0.00006669406727820165,0.024343334556543608
5/29/2022,108.93609034175516,9914.680847370077,0.3250731826564989,0.00003278705463754049,0.011967274942702277
5/30/2022,233.50280068773392,10056.204447994629,0.6974968227523292,0.0000693598490722234,0.025316344911361546
5/31/2022,272.9351609782943,9953.524540315588,0.8179390805380834,0.00008217582397321841,0.02999417575022472
6/1/2022,355.86945926921163,9444.318131675753,1.1031903394375608,0.00011680995113215402,0.042635632163236216
6/2/2022,74.34224766950757,9716.621247352905,0.22220601347311283,0.000022868650307188655,0.00834705736212386
6/3/2022,154.8743569489735,9359.720091903011,0.4775028838216648,0.00005101679100796478,0.018621128717907144
6/4/2022,53.12323647755089,9483.129501226422,0.15860790331206018,0.00001672527020658612,0.006104723625403934
6/5/2022,200.3178764033186,9893.710183889387,0.5965506026931141,0.000060295944757358945,0.022008019836436018
6/6/2022,367.5571127443438,9986.157037586034,1.0877305184960366,0.00010892383470458373,0.03975719966717306
6/7/2022,314.9367068048019,9826.235130922585,0.9546592675610109,0.00009715412412193906,0.035461255304507756
6/8/2022,83.95499724603684,10037.656374235561,0.24953151811112764,0.000024859539797718094,0.009073732026167104
6/9/2022,375.3902191637426,10385.35805859573,1.1107692540066607,0.00010695531610364668,0.03903869037783104
6/10/2022,336.31566643289835,9715.480146025278,1.0703384926018478,0.00011016835776662426,0.04021145058481786
6/11/2022,461.251894487307,8959.957753444423,1.4988780198604095,0.00016728628204571664,0.06105949294668658
6/12/2022,503.7493130567844,8588.209316507808,1.5684273506278184,0.00018262565487465112,0.06665836402924767
6/13/2022,1080.1540074185175,8094.672089585097,3.3351466669689267,0.00041201751350249864,0.150386392428412
6/14/2022,376.766871806159,8157.288539270843,1.1338129254011569,0.00013899384825518323,0.050732754613141876
6/15/2022,638.2715165779447,8370.515887628346,1.8577245541663698,0.00022193668575578402,0.08100689030086118
6/16/2022,420.0012554245609,8168.420526709732,1.2610399430160244,0.0001543798998707986,0.05634866345284149
6/17/2022,257.37723169582927,8054.881879519505,0.7814861373261751,0.00009702018589660471,0.03541236785226072
6/18/2022,592.0271315991429,7639.026072797375,1.8254465507998945,0.00023896325701784453,0.08722158881151325
6/19/2022,331.46496378188624,7950.303232371757,0.9862209510341994,0.00012404821831430788,0.04527759968472238
6/20/2022,224.36943270858552,8168.989724149196,0.6721997053793735,0.00008228676104123553,0.03003466778005097
6/21/2022,281.93651987822733,8056.520084199267,0.8672314944698197,0.00010764343480886553,0.039289853705235925
6/22/2022,161.28720836229886,8069.142117949316,0.4840788797356486,0.0000599913686807975,0.021896849568491087
6/23/2022,220.186910160597,8402.936111043975,0.649275844813241,0.00007726773549544165,0.028202723455836205
6/24/2022,271.0496420226795,8512.901023932945,0.8052954401694211,0.00009459706366906355,0.034527928239208194
6/25/2022,250.53986505325204,8565.054414335451,0.7379464966665296,0.00008615782935732646,0.03144760771542416
6/26/2022,174.3128294823186,8393.673794064682,0.5269980584286014,0.00006278514883450096,0.02291657932459285
6/27/2022,401.3096752676875,8708.309727186004,1.1892647583316227,0.0001365666582366634,0.049846830256382146
6/28/2022,286.85446637927424,8537.96223595055,0.8737613934543305,0.00010233839987897917,0.03735351595582739
6/29/2022,208.93604677449477,8266.855892640358,0.6438547509248501,0.0000778838725733743,0.02842761348928162
6/30/2022,278.13671418218996,8090.201762823302,0.8413911185625105,0.00010400125277825995,0.037960457264064884
7/1/2022,145.78648466798361,8175.564492773065,0.4314257804751077,0.0000527701519395357,0.01926110545793053
7/2/2022,112.12893838667837,8284.262106903736,0.3352657761705051,0.000040470203844843285,0.0147716244033678
7/3/2022,83.51920865558384,8358.695827250036,0.2476158147990573,0.000029623737951058033,0.010812664352136181
7/4/2022,120.27229634965124,8547.116295667181,0.35925495317652223,0.00004203229963755618,0.015341789367708008
7/5/2022,166.25984738809,8404.24854118278,0.5013935584729659,0.00005965953481932624,0.02177573020905408
7/6/2022,82.66942202400143,8588.051200214459,0.24662703960256355,0.00002871746265280822,0.010481873868275001
7/7/2022,59.8271400635312,8620.321385702237,0.17871846291232635,0.000020732227363210708,0.007567262987571909
7/8/2022,106.1201097456179,8641.282150347692,0.3155701967476851,0.000036518909029603644,0.013329401795805329
7/9/2022,70.15416289472776,8669.864140910999,0.21117486616791842,0.000024357344329242156,0.008890430680173388
7/10/2022,86.50201006651172,8836.828531628915,0.2553442669744313,0.00002889546470891668,0.010546844618754589
7/11/2022,188.02066498867603,8660.332857439445,0.5734043169765706,0.00006621042475105351,0.02416680503413453
7/12/2022,304.9168631129873,8294.00313160771,0.9472731825234606,0.00011421181876740395,0.04168731385010244
7/13/2022,190.4909308748996,8492.720474806452,0.5609726382512068,0.00006605335003257496,0.02410947276188986
7/14/2022,80.72882002437768,8637.49613356774,0.24143254255117322,0.000027951681693135402,0.010202363817994423
7/15/2022,68.80223363477606,8594.476604675709,0.20638823771051248,0.00002401405544559046,0.008765130237640516
7/16/2022,68.85509329233669,8712.622562186174,0.20574911928435766,0.00002361506168961496,0.00861949751670946
7/17/2022,86.62500262925955,8770.902839276238,0.2573510790011244,0.000029341458196150837,0.010709632241595055
7/18/2022,258.0156001832952,9042.30389755685,0.7699824603201247,0.00008515334908486841,0.03108097241597697
7/19/2022,140.80272477908875,9131.654236315775,0.41797123555711435,0.00004577168875874428,0.016706666396941662
7/20/2022,184.70679335127016,8690.166512969654,0.584778,0.00006729192117633731,0.02456155122936312
7/21/2022,93.2966301859154,8963.10222233429,0.27919374516517254,0.00003114923139774938,0.011369469460178526
7/22/2022,125.56597465152589,8834.509140932541,0.38182148931156223,0.00004321932132510742,0.01577505228366421
7/23/2022,61.03475415333079,8953.961053466735,0.1816188138383092,0.000020283627855181615,0.007403524167141289
7/24/2022,172.23236464065167,8664.00407810259,0.5323938375912519,0.00006144893663390863,0.022428861871376646
7/25/2022,109.39717562694001,8417.600029831097,0.34195805107280264,0.00004062417433246281,0.014827823631348925
7/26/2022,80.07430094330064,8590.049907105884,0.23847401360140286,0.00002776165635593476,0.010133004569916186
7/27/2022,180.29699435106437,8806.71762146495,0.536239885817997,0.00006088986940049026,0.022224802331178944
7/28/2022,171.54094122252064,9094.128102373421,0.512123856268234,0.00005631368400612016,0.020554494662233858
7/29/2022,192.72105608966498,9068.091482416927,0.5760257459061742,0.00006352226893862847,0.023185628162599392
7/30/2022,143.07427606535038,9352.791716340706,0.42707275952975965,0.00004566259706004151,0.01666684792691515
7/31/2022,114.31898791636522,9217.850205614384,0.3424501889970805,0.00003715076523900354,0.013560029312236294
8/1/2022,234.2074676065284,8995.373882533535,0.7223263842602061,0.00008029976226588637,0.02930941322704853
8/2/2022,123.63409361199227,8952.705762402577,0.3771871831248221,0.00004213108228227964,0.01537784503303207
8/3/2022,114.00770847543394,9196.17215195281,0.34018248583962807,0.000036991748329481876,0.013501988140260884
8/4/2022,205.37088412219157,9404.501983503194,0.6117549889751577,0.00006504916369290592,0.02374294474791066
8/5/2022,68.15263407708218,9401.398209142422,0.20414449391707026,0.00002171426944968135,0.007925708349133694
8/6/2022,65.22569996228937,9419.992149481175,0.19613950563100754,0.00002082162092266821,0.007599891636773898
8/7/2022,92.80360812767506,9482.0957744028,0.2791835869813866,0.00002944323635024348,0.01074678126783887
8/8/2022,128.48203394184577,9479.394761687794,0.3897734913941089,0.00004111797231711766,0.015008059895747947
8/9/2022,206.09046131735025,9213.494562708198,0.6377704992378932,0.00006922134646057989,0.025265791458111662
8/10/2022,177.95930761899038,9546.50301653664,0.531019463693165,0.000055624500696571574,0.020302942754248623
8/11/2022,43.967689585917974,9522.823313015659,0.1321066055139924,0.000013872630119413323,0.005063509993585863
8/12/2022,57.01422467798172,9611.380021855286,0.16975733564435475,0.00001766211878609982,0.006446673356926434
8/13/2022,11.572092908534222,9554.392134382007,0.03463213676686835,0.000003624734706276362,0.001323028167790872
8/14/2022,212.38354409220594,9414.673325135967,0.6450281766060739,0.00006851307043059387,0.025007270707166764
8/15/2022,115.34718167053134,9271.032619833912,0.3497894394878172,0.00003772928581218643,0.013771189321448047
8/16/2022,249.68394192227578,9760.506608079102,0.7455895977215523,0.00007638841175563598,0.027881770290807132
8/17/2022,158.39246705319852,9496.228345839017,0.48867292624625863,0.0000514596857246363,0.01878278528949225
8/18/2022,195.7830212979503,8991.702419371059,0.623928,0.00006938930704110666,0.025327097070003933
8/19/2022,294.11771549402687,8722.38735958669,0.9029039154661471,0.00010351568650224807,0.03778322557332055
8/20/2022,117.47940779190016,8658.67304591615,0.35590649030578536,0.00004110404543726803,0.015002976584602827
8/21/2022,119.38919257694863,8830.318821089317,0.3568929201396503,0.00004041676494027468,0.014752119203200256
8/22/2022,226.3475713322577,8704.504983604065,0.6799848153163465,0.00007811872318956402,0.028513333964190868
8/23/2022,109.55370993515153,8622.196879939262,0.33322732920717296,0.00003864761311383096,0.0141063787865483
8/24/2022,82.28770909718615,8756.542134854975,0.24723377785593262,0.000028234178977090856,0.010305475326638162
8/25/2022,62.10983786596726,8922.32264752616,0.18607014183631362,0.000020854451154364407,0.007611874671343008
8/26/2022,248.43815930713026,8399.292699698497,0.7997528299462512,0.00009521668770692552,0.03475409101302782
8/27/2022,115.76641658592439,8340.619697425884,0.3519884589843338,0.000042201715430445285,0.015403626132112528
8/28/2022,71.61660204663961,8238.520412755108,0.222334297223715,0.00002698716348138081,0.009850314670703996
8/29/2022,119.40317392950641,8527.953911953879,0.3569594499169267,0.00004185757259036852,0.01527801399548451
8/30/2022,146.8469543556692,8557.395937848038,0.43679175243042023,0.00005104260169832249,0.01863054961988771
8/31/2022,97.91135209763367,8498.262153791242,0.29738020789834807,0.00003499306123025175,0.01277246734904189
9/1/2022,106.08037439707103,8578.580216824592,0.3166977602225973,0.000036917269783347056,0.013474803470921675
9/2/2022,140.37545852952078,8392.958438613283,0.4351512726467077,0.00005184718545068896,0.01892422268950147
9/3/2022,20.594532979650268,8495.209669927557,0.061483994957028214,0.000007237489990938919,0.0026416838466927057
9/4/2022,74.93383716993885,8610.521382462795,0.2234782979970807,0.000025954095933405726,0.009473245015693089
9/5/2022,116.61137311585296,8590.389259231335,0.3500002683879005,0.000040743237334883984,0.014871281627232653
9/6/2022,221.6345021268145,8234.317266738735,0.7060418730673533,0.00008574382674314742,0.031296496761248814
9/7/2022,84.09348772169952,8416.061541491863,0.25147718862693175,0.00002988062615596724,0.010906428546928044
9/8/2022,195.53030833162538,8788.414073062922,0.5796784760303184,0.00006595939508665981,0.02407517920663083
9/9/2022,124.23920690152075,8816.574354940936,0.3739316610553174,0.000042412352689541,0.015480508731682462
9/10/2022,83.16211939608473,8863.92281125901,0.2511801125090785,0.000028337353320589386,0.010343133962015126
9/11/2022,115.72376330526967,8964.020848165856,0.3481084007622909,0.00003883395706665698,0.014174394329329796
9/12/2022,88.721301992483,8811.315234351685,0.2748139357499365,0.00003118875314760619,0.01138389489887626
9/13/2022,178.00923193665568,8547.75390724147,0.5615025873650193,0.00006569007407774417,0.023976877038376622
9/14/2022,137.9277065702482,8587.919392071648,0.4182467055400942,0.00004870175026633562,0.017776138847212502
9/15/2022,17.579804260191544,8543.926251363799,0.054076,0.000006329174481271801,0.0023101486856642074
9/16/2022,13.900917958354354,8519.85920427038,0.042789,0.000005022266093147761,0.001833127123998933
9/17/2022,13.128099844224232,8575.369649604057,0.03926355351776754,0.000004578642685050949,0.0016712045800435962
9/18/2022,160.8050703179038,8225.095273247784,0.5085357355181855,0.00006182733678139921,0.022566977925210712
9/19/2022,76.79683718671042,8482.486625988708,0.22977847210126612,0.000027088574640043532,0.009887329743615888
9/20/2022,49.17124765407998,8379.504147408257,0.14986123295499992,0.00001788426025200445,0.006527754991981624
9/21/2022,290.36135573937975,8262.79781653998,0.8891350124889595,0.00010760701547230669,0.03927656064739194
9/22/2022,107.50636294044025,8468.86593828275,0.3213247501352835,0.000037941886490700456,0.013848788569105666
9/23/2022,69.46494320230208,8315.00666091249,0.211407,0.000025424754136853594,0.009280035259951561
9/24/2022,95.9156269639366,8421.765295994755,0.2853632127163245,0.000033884013943257034,0.012367665089288816
9/25/2022,78.92890605077154,8335.840049447657,0.24302596648625396,0.000029154346178026433,0.010641336354979648
9/26/2022,157.44761672481872,8537.467119797802,0.46471387488260923,0.000054432288682549596,0.019867785369130603
9/27/2022,147.85079019422648,8232.641857751145,0.4616142745417925,0.00005607122021312956,0.02046599537779229
9/28/2022,39.16320527377866,8310.611528265406,0.11720503400254424,0.000014103057711687712,0.005147616064766015
9/30/2022,57.117002139733316,8229.048316487082,0.17397495249034373,0.00002114156410307873,0.007716670897623736
10/1/2022,21.313071966556592,8240.942710172667,0.06523,0.000007915356567092707,0.0028891051469888385
10/2/2022,122.72402927320968,8176.628590443908,0.3701162527561042,0.00004526514182002373,0.01652177676430866
10/3/2022,77.2028785827186,8291.20001198349,0.23103725718083848,0.000027865358072041952,0.010170855696295313
10/4/2022,11.741920861245422,8351.546763871022,0.035127173328925454,0.000004206067968257856,0.0015352148084141171
10/5/2022,58.228026182771295,8320.21944642072,0.17539904779140894,0.000021081060291848906,0.007694587006524851
10/6/2022,23.460279874011004,8289.488680546203,0.07102023731715075,0.000008567505192910301,0.0031271393954122595
10/7/2022,31.27920890264513,8233.443469740278,0.094969,0.0000115345420599573,0.004210107851884415
10/8/2022,7.498780470950677,8238.708017524501,0.022455846774141527,0.0000027256514888470188,0.000994862793429162
10/9/2022,32.48661791019287,8280.223180078927,0.09720273921303675,0.000011739144839343595,0.004284787866360413
10/10/2022,138.8758092570491,8021.695507173999,0.434016,0.000054105269841251,0.019748423492056615
10/11/2022,79.3547812497081,8015.511565757112,0.23989118899287476,0.000029928369140867883,0.010923854736416777
10/12/2022,56.35883553251535,7950.288114728739,0.17182476147153372,0.000021612394292127654,0.007888523916626594
10/13/2022,293.79786734174,8138.074810016901,0.8723157204188313,0.00010718944477447236,0.039124147342682415
10/14/2022,39.9732312756889,8135.840958515229,0.122079,0.000015005086827837783,0.005476856692160791
10/15/2022,58.120435118690935,8095.827009788891,0.17498830450838226,0.000021614629894734537,0.007889339911578105
10/16/2022,19.829403190272522,8077.712869986029,0.05961622340301059,0.0000073803345529306625,0.0026938221118196918
10/17/2022,33.797507804283036,8150.473489553219,0.10109564998769807,0.000012403653618072167,0.004527333570596341
10/18/2022,89.98073980300266,8126.88695507987,0.27233047131272475,0.00003350981412907426,0.012231082157112105
10/19/2022,60.58003121332744,7974.610648955416,0.186446,0.00002337995022044397,0.00853368183046205
10/20/2022,76.93979549257388,7944.078597543386,0.23316953553467779,0.00002935136311551383,0.010713247537162547
10/21/2022,80.83892072318851,8023.885184611197,0.24134114414498853,0.000030077841169493614,0.01097841202686517
10/23/2022,61.745251046498446,8127.461698691972,0.18360094516794676,0.000022590195066375442,0.008245421199227037
10/24/2022,66.50645652631499,8061.41618478597,0.20033817972378642,0.00002485148702555237,0.009070792764326615
10/25/2022,104.53186341161329,8206.20666755715,0.30971446043491424,0.00003774148921442056,0.013775643563263504
10/26/2022,60.80332857793794,8350.696693759883,0.18204678398771673,0.00002180019112941229,0.007957069762235487
10/27/2022,112.94396299620331,8225.536784075548,0.34336315121245453,0.00004174355549381261,0.0152363977552416
10/28/2022,33.99063687609647,8302.289549511946,0.10162755457783611,0.000012240907037964043,0.0044679310688568764
10/29/2022,90.89393808326317,8292.064918901971,0.2743097453155203,0.00003308099345558961,0.012074562611290208
10/30/2022,59.47796310117477,8230.017426468079,0.18245964306013976,0.000022170019041921095,0.008092056950301199
10/31/2022,61.514462627655874,8271.000461642963,0.1851094644095357,0.000022380540935523695,0.008168897441466148
11/1/2022,17.808156272776813,8258.127448249707,0.054261,0.000006570617896130982,0.0023982755320878083
11/2/2022,121.05273256625703,8226.124784790576,0.36301781465602356,0.00004412986967170902,0.016107402430173792
11/3/2022,42.365830685283186,8083.212285673315,0.12947191736054156,0.00001601738427555807,0.005846345260578696
11/4/2022,130.7787717613292,8352.825506821899,0.3901016031895143,0.00004670295133915003,0.017046577238789763
11/5/2022,33.65574877498503,8336.167337641671,0.1013379354267531,0.000012156418090261361,0.004437092602945397
11/6/2022,75.91871185900435,8117.692618051751,0.236329,0.000029112829361691088,0.010626182717017247
11/7/2022,165.98497196629572,7928.434829231668,0.5121757618684838,0.00006459985771468061,0.023578948065858422
11/8/2022,514.2480090270664,7379.862314399756,1.6175762029180043,0.00021918785663002855,0.08000356766996042
11/9/2022,424.43121616517635,7153.980344133692,1.2829065926227563,0.00017932766528702413,0.0654545978297638
11/10/2022,318.7463988887581,7280.863567621031,0.9580697267109483,0.00013158737529042733,0.048029391981005976
11/11/2022,127.8828980645133,7101.16052558893,0.3932701421538199,0.000055381108585938395,0.020214104633867518
11/12/2022,73.32834797426868,7139.959694536302,0.21791096981878413,0.000030519915957723924,0.011139769324569233
11/13/2022,199.87557315368508,6741.274784832722,0.6331226255736918,0.00009391734438687506,0.0342798307012094
11/14/2022,133.56890075840184,7011.50765821495,0.3976778773763821,0.000056717883907671055,0.020702027626299937
11/15/2022,41.75003889294728,6988.444775849572,0.1258479206271325,0.000018008001016482726,0.0065729203710161955
11/16/2022,101.64607909476304,6841.557623481743,0.31216397512244526,0.00004562761761313378,0.01665408042879383
11/17/2022,19.01561675823417,6844.84896493267,0.05717825928329843,0.000008353472746620475,0.0030490175525164738
11/19/2022,21.302455120972617,6944.46703497442,0.06376519139636705,0.000009182157691184422,0.003351487557282314
11/20/2022,87.5250425724204,6853.779644009445,0.2650235178404262,0.00003866822856962878,0.014113903427914505
11/21/2022,73.80956541210443,6747.686350888109,0.22193695214809478,0.00003289082221773455,0.01200515010947311
11/22/2022,110.07958982035588,6920.141357865607,0.32550325044195216,0.00004703708112435839,0.017168534610390813
11/23/2022,47.16856048203201,6917.428843214875,0.14101233000111868,0.00002038507850202666,0.0074405536532397305
11/24/2022,32.74089298914113,6860.782996163539,0.09938668366535947,0.000014486201315642138,0.00528746348020938
11/25/2022,9.120992540543167,6955.317383822487,0.02726219289352268,0.0000039196188166671394,0.001430660868083506
11/27/2022,73.5993766907339,6794.849534579529,0.22601305344884318,0.00003326240740117125,0.012140778701427508
11/29/2022,47.84807388018243,6951.637019161947,0.14291806913863495,0.000020558908462091193,0.007504001588663285
11/30/2022,69.2660454947057,7029.214736187091,0.20705802301318077,0.000029456778713449403,0.010751724230409033
12/1/2022,40.93568156513109,6944.836274883678,0.125219,0.00001803051865352972,0.006581139308538347
12/2/2022,41.04561663094623,7055.495214628975,0.1227634108514141,0.000017399687352473076,0.006350885883652673
12/3/2022,30.771911256631377,6984.341818238358,0.09330224687651635,0.000013358774427802808,0.004875952666148025
12/4/2022,21.96421448933655,6922.391598595064,0.066995,0.000009678013594838665,0.0035324749621161128
12/5/2022,38.63694422876534,6957.717419428372,0.1161229479210495,0.000016689805135919112,0.006091778874610476
12/6/2022,24.97106822191674,6990.690402097939,0.07516751543925797,0.00001075251672090926,0.00392466860313188
12/7/2022,62.62812031708068,6873.963307455262,0.19094797161755056,0.00002777843917357764,0.01013913029835584
12/8/2022,14.659613069188445,6947.61845772619,0.04388070619301429,0.0000063159349437527296,0.002305316254469746
12/9/2022,14.959526051874922,6912.127026587215,0.04504233528175442,0.00000651642180597968,0.0023784939591825834
12/10/2022,8.61050807315419,6954.006733151186,0.02576866254488037,0.000003705584928762843,0.0013525384989984378
12/11/2022,31.22791234084882,6844.52473081176,0.094956,0.000013873278822785148,0.005063746770316579
12/12/2022,31.98449618238338,6736.157666523761,0.099225,0.000014730207473187859,0.005376525727713568
12/13/2022,110.31898137444713,6831.849242068916,0.3270258676859007,0.00004786784018478519,0.017471761667446593
12/14/2022,41.7385690232928,6745.262666300308,0.12702825529697842,0.000018832217747667315,0.00687375947789857
12/15/2022,30.556981483390572,6824.248514881189,0.09096386072678894,0.000013329505883091748,0.004865269647328489
12/16/2022,199.74290448730952,6361.574937656177,0.633327,0.00009955506399070093,0.03633759835660584
12/17/2022,71.65200714969356,6323.334951691195,0.21720054888687015,0.00003434905007345518,0.012537403276811142
12/18/2022,42.359345985347055,6324.66085261313,0.12773482976346073,0.00002019631293125941,0.007371654219909685
12/19/2022,147.4504282419864,6204.6881223828605,0.4430266106137843,0.00007140191446780462,0.02606169878074869
12/20/2022,32.197811531645165,6240.719683157185,0.09638629891429008,0.000015444740960633595,0.005637330450631263
12/21/2022,20.815362104893392,6244.275867393742,0.062302019286965285,0.000009977461055539355,0.0036417732852718643
12/22/2022,88.12262449061575,6269.8646766837555,0.2611269073230336,0.00004164793353421279,0.015201495739987669
12/23/2022,4.306295511076103,6231.466442322989,0.012901222019350051,0.000002070334830294085,0.0007556722130573411
12/25/2022,41.31339359328992,6169.0892119112705,0.12418709994877197,0.00002013054045465766,0.0073476472659500455
12/26/2022,18.226544646525593,6177.48516064737,0.05454499942874729,0.00000882964475191572,0.0032228203344492378
12/27/2022,64.24463545311994,6052.758465293202,0.1972724280341812,0.00003259215267969976,0.01189613572809041
12/28/2022,203.36807444705528,5968.3974019580355,0.6139754004593093,0.0001028710655657554,0.03754793893150073
12/29/2022,99.15190452270055,5891.727894745049,0.3003450363329373,0.0000509774113296748,0.0186067551353313
12/30/2022,52.52186557130766,5914.336344863944,0.15592807850238605,0.000026364425255894555,0.009623015218401513
12/31/2022,23.53243756244606,5905.673370286013,0.07034447095206592,0.00001191133788502413,0.004347638328033808
1/1/2023,47.49299936047769,5886.348101749307,0.14258578180739948,0.00002422313110653884,0.008841442853886676
1/2/2023,49.219947143057865,5971.391889759234,0.14733830758576097,0.000024674030829971474,0.009006021252939589
1/3/2023,19.267223305853385,6069.865267590536,0.057675376990412905,0.00000950192046244668,0.0034682009687930383
1/4/2023,21.20732428126542,6092.732432289536,0.06346919256979464,0.00001041719676272475,0.003802276818394533
1/5/2023,17.220690919477416,6069.228752025079,0.051635184148483136,0.000008507701103085688,0.0031053109026262754
1/6/2023,46.8075130739718,6148.593508587834,0.13967772712640733,0.000022717020881493847,0.008291712621745254
1/7/2023,20.22509197028279,6166.473092140661,0.0604425366711856,0.000009801800116215746,0.003577657042418747
1/8/2023,54.805047891711624,6336.895887761815,0.1639907341617861,0.000025878716814409816,0.009445731637259584
1/9/2023,73.07390018111212,6317.358949232063,0.2194614737777873,0.0000347394339219026,0.012679893381494448
1/10/2023,49.23097191596221,6301.103048259603,0.1481940877521501,0.00002351875324322494,0.008584344933777103
1/11/2023,108.51848595984751,6476.004453203934,0.3202839360056678,0.0000494570283760708,0.01805181535726584
1/12/2023,138.681853080104,6542.305366812275,0.41004104124406177,0.00006267531370885145,0.02287648950373078
1/13/2023,178.89716774516916,6893.300678870176,0.531782653648082,0.00007714485098236599,0.028157870608563583
1/14/2023,268.4993329616181,7002.752931846985,0.7980080572099404,0.0001139563347409809,0.041594062180458025
1/15/2023,158.8784729434971,7091.031539134027,0.474121764442919,0.00006686217115610514,0.024404692471978375
1/16/2023,73.66010293122963,6962.027939905161,0.22240401513901042,0.00003194529195498174,0.011660031563568336
1/17/2023,60.99494954608117,7034.359906586727,0.18278069539863168,0.000025983984019282587,0.009484154167038145
1/18/2023,159.88657582656774,6793.538719034301,0.49628395853246027,0.00007305234857085011,0.02666410722836029
1/19/2023,187.03528691861874,6885.566506857584,0.5653786335794372,0.00008211069241962245,0.02997040273316219
1/20/2023,262.6299825311973,7320.632141752142,0.7783569755941075,0.00010632373824042649,0.03880816445775567
1/21/2023,171.19100577254744,7267.829313838629,0.5215115493063209,0.0000717561636062798,0.02619099971629213
1/22/2023,70.98831795047799,7341.3863594725135,0.21191941450454033,0.00002886640262858567,0.01053623695943377
1/23/2023,50.88153766780054,7337.348737974027,0.15249991102879865,0.000020784061992248523,0.007586182627170711
1/24/2023,191.9490626029531,7110.969523452227,0.5912336060565399,0.00008314388130994383,0.0303475166781295
1/25/2023,107.08380806171148,7275.758342014379,0.32047258650009924,0.000044046623243313035,0.016077017483809256
1/26/2023,30.573960770201627,7229.879587903423,0.09232812892854099,0.000012770354997753846,0.004661179574180153
1/27/2023,79.47942711361362,7421.842963584578,0.23770392307920252,0.0000320276141984547,0.011690079182435965
1/28/2023,77.36928122556144,7326.934748052494,0.23212638140184358,0.00003168124043462281,0.011563652758637327
1/29/2023,114.95717278471457,7488.774705123541,0.3437200413934221,0.00004589803471564736,0.016752782671211285
1/30/2023,153.87104214291057,7112.051496172458,0.486442,0.00006839686133625323,0.02496485438773243
1/31/2023,28.27285248236538,7138.712047694927,0.08500797993095993,0.000011908027577384748,0.0043464300657454335
2/1/2023,200.70674793858274,7306.408316764566,0.5903102110753415,0.0000807934877826187,0.029489623040655822
2/2/2023,80.33930037901224,7311.562161624067,0.24056801071646935,0.000032902409279802064,0.012009379387127754
2/3/2023,114.16818662512381,7418.30665601371,0.3405187342531532,0.00004590248826895137,0.01675440821816725
2/4/2023,53.02786754263315,7508.910941788869,0.15841649715895498,0.00002109713357729809,0.007700453755713803
2/5/2023,166.71264880477608,7519.65542600233,0.5019333125805665,0.00006674950967100483,0.024363571029916764
2/6/2023,126.36854616096946,7459.4611272566335,0.38319787569599273,0.00005137071822732609,0.01875031215297402
2/7/2023,124.89405321894061,7770.498043564425,0.37353330420244496,0.00004807070307569379,0.017545806622628234
2/8/2023,165.7219400876522,7524.402374013407,0.5100171993844901,0.00006778175515252972,0.024740340630673346
2/9/2023,186.6105652082054,7204.564696695824,0.584969,0.00008119421847488995,0.02963588974333483
2/10/2023,55.80831394230594,7285.114272955136,0.1669292468492778,0.00002291374446506308,0.008363516729748026
2/12/2023,65.83591545449168,7138.064116881136,0.20085373480619606,0.000028138404407322124,0.010270517608672574
2/13/2023,98.956565374515,7053.685091695226,0.29878406222531717,0.000042358576877368056,0.01546088056023934
2/14/2023,47.49834434825342,7147.609311425064,0.14202958233986712,0.000019870921332093596,0.007252886286214162
2/15/2023,154.4645169189823,7487.986426215261,0.46221961165578246,0.00006172815832538941,0.022530777788767133
2/16/2023,84.24152944834714,7271.7097784372445,0.2591054981369947,0.00003563199110411675,0.013005676753002614
2/17/2023,76.7879115734372,7543.373076859325,0.2297665468314631,0.000030459390579038703,0.011117677561349126
2/18/2023,34.57389091183113,7535.095969710428,0.10345433815225451,0.00001372966430263399,0.005011327470461406
2/19/2023,84.12042170801342,7669.114077653032,0.2504574939384914,0.00003265794346028799,0.011920149363005117
2/20/2023,91.71304406900316,7767.191579414582,0.2743167456073953,0.00003531736571741297,0.012890838486855734
2/21/2023,417.1554523884519,7837.273436889729,1.2488212548763638,0.00015934384131580922,0.05816050208027037
2/22/2023,569.5430581414871,8371.224165911239,1.659348732229095,0.000198220558826532,0.07235050397168417
2/23/2023,124.72689595269661,8012.137681268724,0.396485,0.00004948554502837955,0.018062223935358536
2/24/2023,167.75113155122054,7720.083923486942,0.530339,0.00006869601486928668,0.025074045427289637
2/25/2023,146.69372159823655,7664.954029697817,0.43923760313182536,0.00005730466241937029,0.020916201783070156
2/26/2023,7.936649430588738,7659.511707254992,0.02376088220962326,0.0000031021405956096726,0.0011322813173975305
2/27/2023,38.28763329732114,7532.970978377457,0.117594,0.00001561057388081546,0.005697859466497642
2/28/2023,95.99018429073305,7531.331163965313,0.287925685306757,0.000038230384382030225,0.01395409029944103
3/1/2023,55.30014917368574,7514.042679485305,0.1661513177904894,0.000022112107274039384,0.008070919155024375
3/2/2023,181.88771588584146,7230.387841282641,0.5719387206551816,0.00007910208044299351,0.028872259361692628
3/3/2023,77.84051993185903,7448.151989641663,0.23287360066102478,0.00003126595711055415,0.011412074345352265
3/4/2023,68.36980582914757,7441.363261291301,0.20245211852234776,0.00002720632112874654,0.009930307211992485
3/5/2023,12.131065589450115,7316.525058515425,0.03686462314225772,0.000005038542593297399,0.0018390680465535509
3/6/2023,59.74309505839679,7422.168593903119,0.1787162266652436,0.00002407870751036949,0.008788728241284864
3/7/2023,89.51081831893661,7292.819463514064,0.27448359938744443,0.000037637514648577876,0.013737692846730924
3/8/2023,87.63728569888013,7081.424322176477,0.27354,0.0000386278222508671,0.014099155121566492
3/9/2023,134.01788230363934,6961.743514105411,0.40731189581851646,0.000058507167779630034,0.021355116239564962
3/10/2023,236.20599955992864,7011.868889108308,0.7024193854345353,0.00010017577289923646,0.03656415710822131
3/11/2023,319.55180625490027,6887.284035762699,0.9777711687865906,0.00014196759763492346,0.05181817313674706
3/12/2023,394.3948852371845,7191.837940096975,1.1612952161807586,0.00016147405237069339,0.05893802911530308
3/13/2023,142.9560224235656,7306.041296688909,0.4225314142605816,0.00005783315438581937,0.02110910135082407
3/14/2023,334.6911245821413,7698.115481675066,0.9899383465510854,0.00012859489428387744,0.04693713641361527
3/15/2023,123.14014458273914,7399.908089072552,0.38405621371784937,0.000051900132960433036,0.018943548530558057
3/16/2023,77.59681868577964,7677.727602145145,0.23197989290638268,0.000030214655289615622,0.011028349180709702
3/17/2023,108.25293077242017,7823.745614243467,0.3222510046888676,0.00004118883979333322,0.015033926524566628
3/18/2023,49.05866231635569,7600.742460125128,0.151387,0.000019917396332556146,0.007269849661382993
3/19/2023,68.90165535361817,7838.155981886917,0.20550339586251332,0.000026218334559481615,0.00956969211421079
3/20/2023,104.73367249956104,7566.680739894095,0.322574972222367,0.00004263097430841014,0.015560305622569702
3/21/2023,79.45113035227286,7507.511423443865,0.239582130861355,0.00003191232318517782,0.011647997962589906
3/22/2023,129.2456752132198,7441.131325415612,0.38668279598491784,0.00005196559220291954,0.018967441154065633
3/23/2023,84.42381889524577,7600.226894467135,0.2525285330567932,0.00003322644659998646,0.012127653008995059
3/24/2023,47.931825190573434,7473.6956197202235,0.1441,0.000019280956481526386,0.007037549115757131
3/25/2023,322.15888807187775,7379.4802242721225,0.9703316543660961,0.0001314905148975862,0.04799403793761896
